LOF_category,count,freq
HIGH_CONFIDENCE_LOF,82,0.08444902162718847
NON_LOF,460,0.4737384140061792
POSSIBLE_LOF,429,0.44181256436663235
